Country or Area,CityÌÉland Islands,MARIEHAMNArgentina,BahÌ_a Blanca-CerriArgentina,BUENOS AIRESArgentina,CatamarcaArgentina,Comodoro Rivadavia-Rada TillyArgentina,ConcordiaArgentina,CÌ_rdobaArgentina,CorrientesArgentina,FormosaArgentina,La PlataArgentina,La RiojaArgentina,San Luis - El ChorrilloArgentina,Mar del Plata-BatÌÁnArgentina,MendozaArgentina,NeuquÌ©n-PlottierArgentina,ParanÌÁArgentina,PosadasArgentina,Rawson-Trelew-Playa UniÌ_nArgentina,ResistenciaArgentina,RÌ_o CuartoArgentina,RosarioArgentina,SaltaArgentina,San JuanArgentina,San NicolÌÁs-Villa ConstituciÌ_nArgentina,San Salvador de Jujuy-PalpalÌÁArgentina,Santa FÌ©Argentina,Santa Rosa-ToayArgentina,Santiago del Estero-La BandaArgentina,TucumÌÁn-TafÌ_ ViejoArgentina,Ushuaia-RÌ_o GrandeAustralia,AdelaideAustralia,BrisbaneAustralia,CairnsAustralia,Canberra-QueanbeyanAustralia,Central CoastAustralia,DarwinAustralia,GeelongAustralia,Gold Coast-Tweed HeadsAustralia,Greater AdelaideAustralia,Greater BrisbaneAustralia,Greater DarwinAustralia,Greater HobartAustralia,Greater MelbourneAustralia,Greater PerthAustralia,Greater SydneyAustralia,HobartAustralia,MelbourneAustralia,Newcastle-MaitlandAustralia,PerthAustralia,Sunshine CoastAustralia,SydneyAustralia,ToowoombaAustralia,TownsvilleAustralia,WollongongAustria,BregenzAustria,EisenstadtAustria,GrazAustria,InnsbruckAustria,KlagenfurtAustria,LinzAustria,SalzburgAustria,Sankt PÌ_ltenAustria,WIENAzerbaijan,BAKUAzerbaijan,GanjaAzerbaijan,SumgayitBelarus,BaranovichiBelarus,BobruiskBelarus,BorisovBelarus,BrestBelarus,GomelBelarus,GrodnoBelarus,MINSKBelarus,MogilevBelarus,MozirBelarus,NovopolotskBelarus,OrshaBelarus,PinskBelarus,SoligorskBelarus,VitebskBulgaria,BurgasBulgaria,PlevenBulgaria,PlovdivBulgaria,RuseBulgaria,SOFIABulgaria,Stara ZagoraBulgaria,VarnaChile,AntofagastaChile,AricaChile,CalamaChile,ChiguallanteChile,ChillÌÁnChile,ConcepciÌ_nChile,CoronelChile,CopiapÌ_Chile,CoquimboChile,IquiqueChile,La SerenaChile,Los AngelesChile,OsornoChile,Puente AltoChile,Puerto MonttChile,Punta ArenasChile,QuilpuÌ©Chile,RancaguaChile,San BernardoChile,SANTIAGOChile,TalcaChile,TalcahuanoChile,TemucoChile,ValdiviaChile,ValparaÌ_soChile,Villa AlemanaChile,ViÌ±a del Mar"China, Hong Kong SAR",HONG KONG SAR"China, Macao SAR",MACAOCuba,BayamoCuba,CamagÌ_eyCuba,Ciego de AvilaCuba,CienfuegosCuba,GuantÌÁnamoCuba,HolguÌ_nCuba,LA HABANACuba,Las TunasCuba,MatanzasCuba,Pinar del RÌ_oCuba,Sancti SpÌ_ritusCuba,Santa ClaraCuba,Santiago de CubaCzech Republic,BrnoCzech Republic,Hradec KrÌÁlovÌ©Czech Republic,LiberecCzech Republic,OlomoucCzech Republic,Ì_stÌ_ nad LabemCzech Republic,OstravaCzech Republic,PlzenCzech Republic,PRAHADenmark,ÌÉlborgDenmark,ÌÉrhusDenmark,EsbjergDenmark,FrederiksbergDenmark,KOBENHAVNDenmark,OdenseDenmark,VejleEstonia,TALLINNFinland,EspooFinland,HELSINKIFinland,JyvaskylaFinland,KuopioFinland,LahtiFinland,OuluFinland,TampereFinland,TurkuFinland,VantaaFrench Polynesia,PAPEETEGermany,AachenGermany,AugsburgGermany,Bergisch GladbachGermany,BERLINGermany,BielefeldGermany,BochumGermany,BonnGermany,BottropGermany,BraunschweigGermany,BremenGermany,BremerhavenGermany,ChemnitzGermany,CottbusGermany,DarmstadtGermany,DortmundGermany,DresdenGermany,DuisburgGermany,DÌ_sseldorfGermany,ErfurtGermany,ErlangenGermany,EssenGermany,Frankfurt am MainGermany,Freiburg im BreisgauGermany,FÌ_rthGermany,GelsenkirchenGermany,GÌ_ttingenGermany,HagenGermany,HalleGermany,HamburgGermany,HammGermany,HannoverGermany,HeidelbergGermany,HeilbronnGermany,HerneGermany,HildesheimGermany,IngolstadtGermany,JenaGermany,KarlsruheGermany,KasselGermany,KielGermany,KoblenzGermany,KÌ_lnGermany,KrefeldGermany,LeipzigGermany,LeverkusenGermany,LÌ_beckGermany,Ludwigshafen am RheinGermany,MagdeburgGermany,MainzGermany,MannheimGermany,MoersGermany,MÌ_nchengladbachGermany,MÌ_lheim an der RuhrGermany,MÌ_nchenGermany,MÌ_nster (Westf.)Germany,NeussGermany,NÌ_rnbergGermany,OberhausenGermany,Offenbach am MainGermany,OldenburgGermany,OsnabrÌ_ckGermany,PaderbornGermany,PforzheimGermany,PotsdamGermany,RecklinghausenGermany,RegensburgGermany,RemscheidGermany,ReutlingenGermany,RostockGermany,SaarbrÌ_ckenGermany,SalzgitterGermany,SiegenGermany,SolingenGermany,StuttgartGermany,TrierGermany,UlmGermany,WiesbadenGermany,WolfsburgGermany,WuppertalGermany,WÌ_rzburgGibraltar,GIBRALTARGreenland,NUUK (GODTHAB)Holy See,VATICAN CITYHungary,BUDAPESTHungary,BUDAPESTHungary,DebrecenHungary,DebrecenHungary,GyÌ_rHungary,GyÌ_rHungary,KecskemÌ©tHungary,KecskemÌ©tHungary,MiskolcHungary,MiskolcHungary,NyiregyhazaHungary,NyiregyhazaHungary,PÌ©csHungary,PÌ©csHungary,SzegedHungary,SzegedIceland,REYKJAVIKIceland,REYKJAVIKIsrael,AshdodIsrael,AshqelonIsrael,Bat YamIsrael,Be'er ShevaIsrael,Bene BeraqIsrael,HaifaIsrael,HolonIsrael,JERUSALEMIsrael,NetanyaIsrael,Petah TiqwaIsrael,Ramat GanIsrael,RehovotIsrael,Rishon LeziyyonIsrael,Tel Aviv-YafoItaly,AnconaItaly,BariItaly,BergamoItaly,BolognaItaly,BolzanoItaly,BresciaItaly,CagliariItaly,CataniaItaly,FerraraItaly,FirenzeItaly,FoggiaItaly,ForliItaly,GenovaItaly,Giugliano in CampaniaItaly,LatinaItaly,LivornoItaly,MessinaItaly,MilanoItaly,ModenaItaly,MonzaItaly,NapoliItaly,NovaraItaly,PadovaItaly,PalermoItaly,ParmaItaly,PerugiaItaly,PescaraItaly,PiacenzaItaly,PratoItaly,RavennaItaly,Reggio di CalabriaItaly,Reggio nell'EmiliaItaly,RiminiItaly,ROMAItaly,SalernoItaly,SassariItaly,SiracusaItaly,TarantoItaly,TerniItaly,TorinoItaly,TrentoItaly,TriesteItaly,VeneziaItaly,VeronaItaly,VicenzaKyrgyzstan,BISHKEKKyrgyzstan,BISHKEKKyrgyzstan,OshKyrgyzstan,OshLuxembourg,LUXEMBOURG-VILLEMaldives,MALÌäMauritius,Beau Bassin - Rose HillMauritius,PORT LOUISMauritius,Vacoas - PhoenixNew Zealand,AucklandNew Zealand,ChristchurchNew Zealand,DunedinNew Zealand,HamiltonNew Zealand,HamiltonNew Zealand,Lower HuttNew Zealand,Napier-HastingsNew Zealand,TaurangaNew Zealand,TaurangaNew Zealand,WELLINGTONNew Zealand,WELLINGTONNorway,BergenNorway,OSLONorway,StavangerNorway,TrondheimPitcairn,ADAMSTOWNPoland,BialystokPoland,Bielsko-BialaPoland,BydgoszczPoland,BytomPoland,ChorzÌ_wPoland,CzestochowaPoland,Dabrowa GÌ_rniczaPoland,ElblagPoland,GdanskPoland,GdyniaPoland,GliwicePoland,GorzÌ_w WielkopolskiPoland,GrudziadzPoland,Jastrzebie-ZdrÌ_jPoland,KaliszPoland,KatowicePoland,KielcePoland,KoszalinPoland,KrakÌ_wPoland,LegnicaPoland,LÌ_dzPoland,LublinPoland,OlsztynPoland,OpolePoland,PlockPoland,PoznanPoland,RadomPoland,Ruda SlaskaPoland,RybnikPoland,RzeszÌ_wPoland,SlupskPoland,SosnowiecPoland,SzczecinPoland,TarnÌ_wPoland,TorunPoland,TychyPoland,WalbrzychPoland,WARSZAWAPoland,WloclawekPoland,WroclawPoland,ZabrzePoland,Zielona GÌ_raPortugal,AmadoraPortugal,LISBOAPortugal,PortoPuerto Rico,AreciboPuerto Rico,BayamÌ_nPuerto Rico,CaguasPuerto Rico,CarolinaPuerto Rico,GuaynaboPuerto Rico,PoncePuerto Rico,SAN JUANRepublic of Moldova,Balti (Beltsy)Republic of Moldova,CHISINAU (KISHINEV)Republic of Moldova,CHISINAU (KISHINEV)Romania,AradRomania,BacauRomania,Baia MareRomania,BotosaniRomania,BrailaRomania,BrasovRomania,BUCURESTIRomania,BuzauRomania,Cluj-NapocaRomania,ConstantaRomania,CraiovaRomania,Drobeta Turnu-SeverinRomania,FocsaniRomania,GalatiRomania,IasiRomania,OradeaRomania,Piatra NeamtRomania,PitestiRomania,PloiestiRomania,Rimnicu VilceaRomania,Satu-MareRomania,SibiuRomania,SuceavaRomania,TimisoaraRomania,Tirgu-MuresRussian Federation,AbakanRussian Federation,AchinskRussian Federation,AchinskRussian Federation,AlmetievskRussian Federation,AnapaRussian Federation,AngarskRussian Federation,ArkhangelskRussian Federation,ArkhangelskRussian Federation,ArmavirRussian Federation,ArmavirRussian Federation,Artem (Primorskiy Krai)Russian Federation,Artem (Primorskiy Krai)Russian Federation,ArzamasRussian Federation,AstrakhanRussian Federation,BalakovoRussian Federation,BalashikhaRussian Federation,BalashikhaRussian Federation,BarnaulRussian Federation,BarnaulRussian Federation,BataiskRussian Federation,BelgorodRussian Federation,BelovoRussian Federation,BereznikiRussian Federation,BiiskRussian Federation,BiiskRussian Federation,Blagoveshchensk (Amurskaya oblast)Russian Federation,Blagoveshchensk (Amurskaya oblast)Russian Federation,BorRussian Federation,BratskRussian Federation,BryanskRussian Federation,BryanskRussian Federation,ChaykovskyRussian Federation,CheboksaryRussian Federation,CheboksaryRussian Federation,ChelyabinskRussian Federation,CherepovetsRussian Federation,CherkesskRussian Federation,ChitaRussian Federation,ChitaRussian Federation,DerbentRussian Federation,DimitrovgradRussian Federation,DomodedovoRussian Federation,Dzerzhinsk (Nizhegorodskaya oblast)Russian Federation,Dzerzhinsk (Nizhegorodskaya oblast)Russian Federation,EkaterinburgRussian Federation,EkaterinburgRussian Federation,ElektrostalRussian Federation,EletsRussian Federation,ElistaRussian Federation,ElistaRussian Federation,EngelsRussian Federation,EngelsRussian Federation,EsentukyRussian Federation,GroznyiRussian Federation,HasaviurtRussian Federation,IrkutskRussian Federation,IvanovoRussian Federation,IzhevskRussian Federation,Kaliningrad (Kaliningradskaya oblast)Russian Federation,KalugaRussian Federation,KalugaRussian Federation,Kamensk-UralskyRussian Federation,Kamensk-UralskyRussian Federation,KamyshinRussian Federation,KaspiyskRussian Federation,KazanRussian Federation,KemerovoRussian Federation,KhabarovskRussian Federation,KhimkiRussian Federation,KirovRussian Federation,KirovRussian Federation,KiselevskRussian Federation,KislovodskRussian Federation,KislovodskRussian Federation,KolomnaRussian Federation,Komsomolsk-na-AmureRussian Federation,KopeyskRussian Federation,KopeyskRussian Federation,Korolev (Moskovskaya oblast)Russian Federation,KostromaRussian Federation,KovrovRussian Federation,KrasnodarRussian Federation,KrasnodarRussian Federation,KrasnogorskRussian Federation,KrasnogorskRussian Federation,KrasnoyarskRussian Federation,KrasnoyarskRussian Federation,KurganRussian Federation,KurskRussian Federation,KyzylRussian Federation,Leninsk-KuznetskyRussian Federation,Leninsk-KuznetskyRussian Federation,LipetskRussian Federation,LyubertsyRussian Federation,MagadanRussian Federation,MagadanRussian Federation,MagnitogorskRussian Federation,MaikopRussian Federation,MaikopRussian Federation,MakhachkalaRussian Federation,MakhachkalaRussian Federation,MezhdurechenskRussian Federation,MezhdurechenskRussian Federation,MiassRussian Federation,MiassRussian Federation,MOSKVARussian Federation,MurmanskRussian Federation,MuromRussian Federation,MuromRussian Federation,MytishchiRussian Federation,MytishchiRussian Federation,Naberezhnye TchelnyRussian Federation,NakhodkaRussian Federation,NakhodkaRussian Federation,NaltchikRussian Federation,NaltchikRussian Federation,NazranRussian Federation,NeftekamskRussian Federation,NeftekamskRussian Federation,NefteyuganskRussian Federation,NevinnomysskRussian Federation,NizhnekamskRussian Federation,NizhnekamskRussian Federation,NizhnevartovskRussian Federation,Nizhny NovgorodRussian Federation,Nizhny NovgorodRussian Federation,Nizhny TagilRussian Federation,Nizhny TagilRussian Federation,NoginskRussian Federation,NoginskRussian Federation,NorilskRussian Federation,NorilskRussian Federation,NovocheboksarskRussian Federation,NovocherkasskRussian Federation,NovokuybishevskRussian Federation,NovokuybishevskRussian Federation,NovokuznetskRussian Federation,Novomoskovsk (Tulskaya oblast)Russian Federation,Novomoskovsk (Tulskaya oblast)Russian Federation,NovorossiyskRussian Federation,NovorossiyskRussian Federation,NovoshakhtinskRussian Federation,NovosibirskRussian Federation,NovotroitskRussian Federation,Novy UrengoyRussian Federation,NoyabrskRussian Federation,ObninskRussian Federation,OdintsovoRussian Federation,OdintsovoRussian Federation,OktyabrskyRussian Federation,OmskRussian Federation,Orekhovo-ZuevoRussian Federation,OrelRussian Federation,OrenburgRussian Federation,OrenburgRussian Federation,OrskRussian Federation,OrskRussian Federation,PenzaRussian Federation,PermRussian Federation,PermRussian Federation,PervouralskRussian Federation,PervouralskRussian Federation,Petropavlovsk-KamchatskyRussian Federation,PetrozavodskRussian Federation,PodolskRussian Federation,ProkopyevskRussian Federation,PskovRussian Federation,PushkinoRussian Federation,PyatigorskRussian Federation,PyatigorskRussian Federation,Rostov-na-DonuRussian Federation,RubtsovskRussian Federation,RyazanRussian Federation,RybinskRussian Federation,SalavatRussian Federation,Samara (Samarskaya oblast)Russian Federation,Samara (Samarskaya oblast)Russian Federation,SaranskRussian Federation,SaranskRussian Federation,SarapyulRussian Federation,SaratovRussian Federation,Sergiev PosadRussian Federation,Sergiev PosadRussian Federation,SerovRussian Federation,SerpukhovRussian Federation,SeverodvinskRussian Federation,SeverodvinskRussian Federation,SeverskRussian Federation,SeverskRussian Federation,ShakhtyRussian Federation,ShchelkovoRussian Federation,ShchelkovoRussian Federation,SmolenskRussian Federation,SochiRussian Federation,SochiRussian Federation,St. PetersburgRussian Federation,Stary OskolRussian Federation,Stary OskolRussian Federation,StavropolRussian Federation,StavropolRussian Federation,SterlitamakRussian Federation,SurgutRussian Federation,SyktivkarRussian Federation,SyktivkarRussian Federation,SyzranRussian Federation,SyzranRussian Federation,TaganrogRussian Federation,TambovRussian Federation,TobolskRussian Federation,TolyattiRussian Federation,TomskRussian Federation,TomskRussian Federation,TulaRussian Federation,TverRussian Federation,TyumenRussian Federation,TyumenRussian Federation,UfaRussian Federation,UfaRussian Federation,UhtaRussian Federation,UhtaRussian Federation,Ulan-UdeRussian Federation,UlyanovskRussian Federation,UlyanovskRussian Federation,UssuriiskRussian Federation,UssuriiskRussian Federation,Velikie LukyRussian Federation,Velikiy NovgorodRussian Federation,Vladikavkaz (Osetinskaya ASSR)Russian Federation,Vladikavkaz (Osetinskaya ASSR)Russian Federation,VladimirRussian Federation,VladimirRussian Federation,VladivostokRussian Federation,VladivostokRussian Federation,VolgodonskRussian Federation,VolgogradRussian Federation,VologdaRussian Federation,VologdaRussian Federation,VolzhskyRussian Federation,VolzhskyRussian Federation,VoronezhRussian Federation,YakutskRussian Federation,YakutskRussian Federation,YaroslavlRussian Federation,Yoshkar-OlaRussian Federation,Yoshkar-OlaRussian Federation,Yuzhno-SakhalinskRussian Federation,Yuzhno-SakhalinskRussian Federation,ZheleznodorozhnyRussian Federation,ZhukovskyRussian Federation,ZlatoustRussian Federation,ZlatoustSerbia,BEOGRAD (BELGRADE)Serbia,BEOGRAD (BELGRADE)Serbia,CacakSerbia,CacakSerbia,KragujevacSerbia,KragujevacSerbia,KraljevoSerbia,KraljevoSerbia,KruÅÁevacSerbia,KruÅÁevacSerbia,LeskovacSerbia,LeskovacSerbia,NiÅÁSerbia,NiÅÁSerbia,Novi SadSerbia,Novi SadSerbia,PancevoSerbia,PancevoSerbia,ÅÊabacSerbia,ÅÊabacSerbia,SmederevoSerbia,SmederevoSerbia,SuboticaSerbia,SuboticaSerbia,ZrenjaninSerbia,ZrenjaninSingapore,SINGAPORESlovakia,BRATISLAVASlovakia,KosiceSlovenia,LJUBLJANASlovenia,LJUBLJANASlovenia,MariborSlovenia,MariborSpain,AlbaceteSpain,AlcalÌÁ de HenaresSpain,AlcobendasSpain,AlcorcÌ_nSpain,AlgecirasSpain,AlicanteSpain,AlmerÌ_aSpain,BadajozSpain,BadalonaSpain,BaracaldoSpain,BarcelonaSpain,BilbaoSpain,BurgosSpain,CÌÁdizSpain,CartagenaSpain,CastellÌ_n de la PlanaSpain,CÌ_rdobaSpain,A CoruÌ±aSpain,Donostia - San SebastiÌÁnSpain,Dos HermanasSpain,ElcheSpain,FuenlabradaSpain,GetafeSpain,GijÌ_nSpain,GranadaSpain,Hospitalet de LlobregatSpain,HuelvaSpain,JaÌ©nSpain,JÌ©rez de la FronteraSpain,LeganÌ©sSpain,LeÌ_nSpain,LleidaSpain,LogroÌ±oSpain,MADRIDSpain,MÌÁlagaSpain,MarbellaSpain,MatarÌ_Spain,MÌ_stolesSpain,MurciaSpain,OurenseSpain,OviedoSpain,Palma de MallorcaSpain,Palmas de Gran CanariaSpain,PamplonaSpain,ParlaSpain,ReusSpain,SabadellSpain,SalamancaSpain,San CristÌ_bal de La LagunaSpain,Santa Coloma de GramanetSpain,Santa Cruz de TenerifeSpain,SantanderSpain,SevillaSpain,TarragonaSpain,TeldeSpain,TerrassaSpain,TorrejÌ_n de ArdozSpain,TorreviejaSpain,ValenciaSpain,ValladolidSpain,VigoSpain,Vitoria-GasteizSpain,ZaragozaSwitzerland,Baden-BruggSwitzerland,Baden-BruggSwitzerland,BÌ¢leSwitzerland,BÌ¢leSwitzerland,BERNESwitzerland,BERNESwitzerland,FribourgSwitzerland,FribourgSwitzerland,GenÌ¬veSwitzerland,GenÌ¬veSwitzerland,LausanneSwitzerland,LausanneSwitzerland,LuganoSwitzerland,LuganoSwitzerland,LuzernSwitzerland,LuzernSwitzerland,Olten-ZofingenSwitzerland,Olten-ZofingenSwitzerland,St. GallenSwitzerland,St. GallenSwitzerland,WinterthurSwitzerland,WinterthurSwitzerland,ZugSwitzerland,ZugSwitzerland,ZÌ_richSwitzerland,ZÌ_richTajikistan,DUSHANBETFYR of Macedonia,SKOPJETurkey,AdanaTurkey,AdiyamanTurkey,AfyonkarahisarTurkey,AgriTurkey,AkhisarTurkey,AksarayTurkey,Alanya (Antalya)Turkey,ANKARATurkey,AntalyaTurkey,AydinTurkey,BalikesirTurkey,BandirmaTurkey,BatmanTurkey,BoluTurkey,BursaTurkey,CeyhanTurkey,CizreTurkey,ÌàanakkaleTurkey,ÌàorluTurkey,ÌàorumTurkey,DenizliTurkey,DiyarbakirTurkey,DÌ_zceTurkey,EdirneTurkey,ElazigTurkey,EregliTurkey,ErzurumTurkey,EskisehirTurkey,GaziantepTurkey,GiresunTurkey,HatayTurkey,InegÌ_lTurkey,IskenderunTurkey,IspartaTurkey,IstanbulTurkey,IzmirTurkey,KahramanmarasTurkey,KarabÌ_kTurkey,KaramanTurkey,KayseriTurkey,KirikkaleTurkey,KirsehirTurkey,KiziltepeTurkey,KocaeliTurkey,KonyaTurkey,KÌ_tahyaTurkey,LÌ_leburgazTurkey,MalatyaTurkey,ManisaTurkey,MersinTurkey,NazilliTurkey,NigdeTurkey,OrduTurkey,OsmaniyeTurkey,PolatliTurkey,RizeTurkey,SakaryaTurkey,SamsunTurkey,SanliurfaTurkey,SiirtTurkey,SivasTurkey,SiverekTurkey,TarsusTurkey,TekirdagTurkey,TokatTurkey,TrabzonTurkey,Turgutlu ( Manisa)Turkey,UsakTurkey,VanTurkey,YalovaTurkey,ZonguldakUkraine,AlchevskUkraine,Belaya Tserkov (Bila Crkva)Ukraine,BerdyanskUkraine,BerdyanskUkraine,CherkassyUkraine,CherkassyUkraine,ChernigovUkraine,ChernovtsyUkraine,DneprodzerzhinskUkraine,DneprodzerzhinskUkraine,DnepropetrovskUkraine,DnepropetrovskUkraine,Donetsk (Donestskaya oblast)Ukraine,Donetsk (Donestskaya oblast)Ukraine,Enakievo (Yenakievo)Ukraine,Enakievo (Yenakievo)Ukraine,Evpatoriya (Yevpatoriya)Ukraine,Evpatoriya (Yevpatoriya)Ukraine,GorlovkaUkraine,GorlovkaUkraine,Ivano-FrankovskUkraine,Ivano-FrankovskUkraine,Kamyanetsk PodilskyUkraine,KertchUkraine,KharkovUkraine,KhersonUkraine,KhersonUkraine,Khmelnitsky (Hmilnyk)Ukraine,KIEVUkraine,KirovogradUkraine,KirovogradUkraine,KramatorskUkraine,KramatorskUkraine,Krasny LutchUkraine,Krasny LutchUkraine,KrementchugUkraine,Kryvy RigUkraine,Kryvy RigUkraine,LuganskUkraine,LuganskUkraine,LutskUkraine,LvovUkraine,LvovUkraine,LysychanskUkraine,LysychanskUkraine,MakeyevkaUkraine,MakeyevkaUkraine,MariupolUkraine,MariupolUkraine,MelitopolUkraine,Mykolaiv (Nikolaevskaya oblast)Ukraine,NikopolUkraine,OdessaUkraine,PavlogradUkraine,PoltavaUkraine,RivneUkraine,SevastopolUkraine,SevastopolUkraine,SeverodonetskUkraine,SeverodonetskUkraine,SimferopolUkraine,SimferopolUkraine,SlavyanskUkraine,SlavyanskUkraine,StakhanovUkraine,StakhanovUkraine,SumyUkraine,SumyUkraine,TernopolUkraine,UzhgorodUkraine,VinnutsyaUkraine,YevpatoriyaUkraine,YevpatoriyaUkraine,ZaporozhyeUkraine,ZhitomirUnited States of America,Abilene (TX)United States of America,Akron (OH)United States of America,Albuquerque (NM)United States of America,Alexandria (VA)United States of America,Allentown (PA)United States of America,Amarillo (TX)United States of America,Anaheim (CA)United States of America,Anchorage (AK)United States of America,Ann Arbor (MI)United States of America,Antioch (CA)United States of America,Arlington (TX)United States of America,Arvada (CO)United States of America,Athens (GA)United States of America,Atlanta (GA)United States of America,Augusta (GA)United States of America,Aurora (CO)United States of America,Aurora (IL)United States of America,Austin (TX)United States of America,Bakersfield (CA)United States of America,Baltimore (MD)United States of America,Baton Rouge (LA)United States of America,Beaumont (TX)United States of America,Bellevue (WA)United States of America,Berkeley (CA)United States of America,Billings (MT)United States of America,Birmingham (AL)United States of America,Boise City (ID)United States of America,Boston (MA)United States of America,Boulder (CO)United States of America,Bridgeport (CT)United States of America,Brownsville (TX)United States of America,Buffalo (NY)United States of America,Burbank (CA)United States of America,Carlsbad (CA)United States of America,Cambridge (MA)United States of America,Cape Coral (FL)United States of America,Carrollton (TX)United States of America,Cary (NC)United States of America,Cedar Rapids (IA)United States of America,Centennial (CO)United States of America,Chandler (AZ)United States of America,Charleston (SC)United States of America,Charlotte (NC)United States of America,Chattanooga (TN)United States of America,Chesapeake (VA)United States of America,Chicago (IL)United States of America,Chula Vista (CA)United States of America,Cincinnati (OH)United States of America,Clarksville (TN)United States of America,Clearwater (FL)United States of America,Cleveland (OH)United States of America,Colorado Springs (CO)United States of America,Columbia (MO)United States of America,Columbia (SC)United States of America,Columbus (GA)United States of America,Columbus (OH)United States of America,Concord (CA)United States of America,Coral Springs (FL)United States of America,Corona (CA)United States of America,Corpus Christi (TX)United States of America,Costa Mesa (CA)United States of America,Dallas (TX)United States of America,Daly City (CA)United States of America,Davenport (IA)United States of America,Dayton (OH)United States of America,Denton (TX)United States of America,Denver (CO)United States of America,Des Moines (IA)United States of America,Detroit (MI)United States of America,Downey (CA)United States of America,Durham (NC)United States of America,El Monte (CA)United States of America,El Paso (TX)United States of America,Elgin (IL)United States of America,Elizabeth (NJ)United States of America,Elk Grove (CA)United States of America,Erie (PA)United States of America,Escondido (CA)United States of America,Eugene (OR)United States of America,Evansville (IN)United States of America,Everett (WA)United States of America,Fairfield (CA)United States of America,Fargo (ND)United States of America,Fayetteville (NC)United States of America,Flint (MI)United States of America,Fontana (CA)United States of America,Fort Collins (CO)United States of America,Fort Lauderdale (FL)United States of America,Fort Wayne (IN)United States of America,Fort Worth (TX)United States of America,Fremont (CA)United States of America,Fresno (CA)United States of America,Frisco (TX)United States of America,Fullerton (CA)United States of America,Gainesville (FL)United States of America,Garden Grove (CA)United States of America,Garland (TX)United States of America,Gilbert (AZ)United States of America,Glendale (AZ)United States of America,Glendale (CA)United States of America,Grand Prairie (TX)United States of America,Grand Rapids (MI)United States of America,Green Bay (WI)United States of America,Greensboro (NC)United States of America,Gresham (OR)United States of America,Hampton (VA)United States of America,Hartford (CT)United States of America,Hayward (CA)United States of America,Henderson (NV)United States of America,Hialeah (FL)United States of America,High Point City (NC)United States of America,Hollywood (FL)United States of America,Urban Honolulu (HI)United States of America,Houston (TX)United States of America,Huntington Beach (CA)United States of America,Huntsville (AL)United States of America,Independence (MO)United States of America,Indianapolis (IN)United States of America,Inglewood (CA)United States of America,Irvine (CA)United States of America,Irving (TX)United States of America,Jackson (MS)United States of America,Jacksonville (FL)United States of America,Jersey City (NJ)United States of America,Joliet (IL)United States of America,Kansas City (KS)United States of America,Kansas City (MO)United States of America,Killeen (TX)United States of America,Knoxville (TN)United States of America,Lafayette (LA)United States of America,Lakewood (CO)United States of America,Lancaster (CA)United States of America,Lansing (MI)United States of America,Laredo (TX)United States of America,Las Vegas (NV)United States of America,Lexington-Fayette (KY)United States of America,Lincoln (NE)United States of America,Little Rock (AR)United States of America,Long Beach (CA)United States of America,Los Angeles (CA)United States of America,Louisville (KY)United States of America,Lowell (MA)United States of America,Lubbock (TX)United States of America,Madison (WI)United States of America,Manchester (NH)United States of America,McAllen (TX)United States of America,McKinney City (TX)United States of America,Memphis (TN)United States of America,Mesa (AZ)United States of America,Mesquite (TX)United States of America,Miami (FL)United States of America,Miami Gardens (FL)United States of America,Midland City (TX)United States of America,Milwaukee (WI)United States of America,Minneapolis (MN)United States of America,Miramar (FL)United States of America,Mobile (AL)United States of America,Modesto (CA)United States of America,Montgomery (AL)United States of America,Moreno Valley (CA)United States of America,Murrieta (CA)United States of America,Murfreesboro (TN)United States of America,Naperville (IL)United States of America,Nashville-Davidson (TN)United States of America,New Haven (CT)United States of America,New Orleans (LA)United States of America,New York (NY)United States of America,Newark (NJ)United States of America,Newport News (VA)United States of America,Norfolk (VA)United States of America,Norman (OK)United States of America,North Charleston (SC)United States of America,North Las Vegas (NV)United States of America,Norwalk (CA)United States of America,Oakland (CA)United States of America,Oceanside (CA)United States of America,Odessa (TX)United States of America,Oklahoma City (OK)United States of America,Olathe (KS)United States of America,Omaha (NE)United States of America,Ontario (CA)United States of America,Orange (CA)United States of America,Orlando (FL)United States of America,Overland Park (KS)United States of America,Oxnard (CA)United States of America,Palmdale (CA)United States of America,Palm Bay City (FL)United States of America,Pasadena (CA)United States of America,Pasadena (TX)United States of America,Paterson (NJ)United States of America,Pembroke Pines (FL)United States of America,Peoria (AZ)United States of America,Peoria (IL)United States of America,Philadelphia (PA)United States of America,Phoenix (AZ)United States of America,Pittsburgh (PA)United States of America,Plano (TX)United States of America,Pomona (CA)United States of America,Pompano Beach (FL)United States of America,Port St. Lucie (FL)United States of America,Portland (OR)United States of America,Providence (RI)United States of America,Provo (UT)United States of America,Pueblo (CO)United States of America,Raleigh (NC)United States of America,Rancho Cucamonga (CA)United States of America,Reno (NV)United States of America,Rialto (CA)United States of America,Richardson (TX)United States of America,Richmond (CA)United States of America,Richmond (VA)United States of America,Riverside (CA)United States of America,Rochester (MN)United States of America,Rochester (NY)United States of America,Rockford (IL)United States of America,Roseville (CA)United States of America,Round Rock (TX)United States of America,Sacramento (CA)United States of America,Salem (OR)United States of America,Salinas (CA)United States of America,Salt Lake City (UT)United States of America,San Antonio (TX)United States of America,San Bernardino (CA)United States of America,San Buenaventura (CA)United States of America,San Diego (CA)United States of America,San Francisco (CA)United States of America,San Jose (CA)United States of America,Santa Ana (CA)United States of America,Santa Clara (CA)United States of America,Santa Clarita (CA)United States of America,Santa Maria (CA)United States of America,Santa Rosa (CA)United States of America,Savannah (GA)United States of America,Scottsdale (AZ)United States of America,Seattle (WA)United States of America,Shreveport (LA)United States of America,Simi Valley (CA)United States of America,Sioux Falls (SD)United States of America,South Bend (IN)United States of America,Spokane (WA)United States of America,Springfield (IL)United States of America,Springfield (MA)United States of America,Springfield (MO)United States of America,St. Louis (MO)United States of America,St. Paul (MN)United States of America,St. Petersburg (FL)United States of America,Stamford (CT)United States of America,Sterling Heights (MI)United States of America,Stockton (CA)United States of America,Sunnyvale (CA)United States of America,Surprise (AZ)United States of America,Syracuse (NY)United States of America,Tacoma (WA)United States of America,Tallahassee (FL)United States of America,Tampa (FL)United States of America,Temecula (CA)United States of America,Tempe (AZ)United States of America,Thornton (CO)United States of America,Thousand Oaks (CA)United States of America,Toledo (OH)United States of America,Topeka (KS)United States of America,Torrance (CA)United States of America,Tucson (AZ)United States of America,Tulsa (OK)United States of America,Vallejo (CA)United States of America,Vancouver (WA)United States of America,Victorville City (CA)United States of America,Virginia Beach (VA)United States of America,Visalia (CA)United States of America,Waco (TX)United States of America,Warren (MI)United States of America,WASHINGTON (DC)United States of America,Waterbury (CT)United States of America,West Covina (CA)United States of America,West Jordan (UT)United States of America,West Palm Beach (FL)United States of America,West Valley City (UT)United States of America,Westminster (CO)United States of America,Wichita (KS)United States of America,Wichita Falls (TX)United States of America,Wilmington (NC)United States of America,Winston-Salem (NC)United States of America,Worcester (MA)United States of America,Yonkers (NY)Zimbabwe,BulawayoZimbabwe,ChitungwizaZimbabwe,GweruZimbabwe,HARAREZimbabwe,Mutare